{
  "per_fold": [
    {
      "mrr": 0.05287903822422576,
      "user_count": 109,
      "hit@1": 0.0,
      "ndcg@1": 0.0,
      "hit@5": 0.05504587155963303,
      "ndcg@5": 0.02697928429906088,
      "hit@10": 0.14678899082568808,
      "ndcg@10": 0.05726929628276259,
      "hit@20": 0.24770642201834864,
      "ndcg@20": 0.08209053062158367,
      "fold": 1
    },
    {
      "mrr": 0.0625538052436992,
      "user_count": 110,
      "hit@1": 0.01818181818181818,
      "ndcg@1": 0.01818181818181818,
      "hit@5": 0.05454545454545454,
      "ndcg@5": 0.035895082898903564,
      "hit@10": 0.12727272727272726,
      "ndcg@10": 0.05886835533930713,
      "hit@20": 0.2545454545454545,
      "ndcg@20": 0.09031159483771606,
      "fold": 2
    }
  ],
  "k_values": [
    1,
    5,
    10,
    20
  ],
  "average": {
    "mrr": {
      "mean": 0.05771642173396248,
      "std": 0.004837383509736722
    },
    "hit@1": {
      "mean": 0.00909090909090909,
      "std": 0.00909090909090909
    },
    "hit@5": {
      "mean": 0.05479566305254378,
      "std": 0.0002502085070892439
    },
    "hit@10": {
      "mean": 0.13703085904920767,
      "std": 0.009758131776480411
    },
    "hit@20": {
      "mean": 0.25112593828190155,
      "std": 0.003419516263552941
    },
    "ndcg@1": {
      "mean": 0.00909090909090909,
      "std": 0.00909090909090909
    },
    "ndcg@5": {
      "mean": 0.03143718359898222,
      "std": 0.0044578992999213425
    },
    "ndcg@10": {
      "mean": 0.058068825811034855,
      "std": 0.0007995295282722699
    },
    "ndcg@20": {
      "mean": 0.08620106272964986,
      "std": 0.004110532108066195
    }
  }
}